step,loss,loss_flow,loss_decode,loss_insert,lr,gpu_mb
1,5.224677562713623,0.027535289525985718,10.39428424835205,0.0,2e-08,697.025536
100,5.172791957855225,0.02810186892747879,10.289380073547363,0.0,2.0000000000000003e-06,698.128384
200,4.8857102394104,0.026910264045000076,9.717599868774414,0.0,4.000000000000001e-06,698.128384
300,4.391152381896973,0.025562750175595284,8.731179237365723,0.0,6e-06,698.128384
400,3.922675848007202,0.025812989100813866,7.793725490570068,0.0,8.000000000000001e-06,698.128384
500,3.7668650150299072,0.025670897215604782,7.482388019561768,0.0,1e-05,698.128384
600,3.7728219032287598,0.025658369064331055,7.494327068328857,0.0,1.2e-05,698.128384
700,3.640244960784912,0.024668430909514427,7.2311530113220215,0.0,1.4000000000000001e-05,698.128384
800,3.759625196456909,0.0260311309248209,7.467188358306885,0.0,1.6000000000000003e-05,698.128384
900,3.7412359714508057,0.025623975321650505,7.4312238693237305,0.0,1.8e-05,698.128384
1000,3.670585870742798,0.02580551616847515,7.289560794830322,0.0,2e-05,698.128384
1100,3.470179557800293,0.026761602610349655,6.886836051940918,0.0,2.2000000000000003e-05,698.128384
1200,3.636605739593506,0.025709662586450577,7.221792221069336,0.0,2.4e-05,698.128384
1300,3.6250579357147217,0.02473621442914009,7.200643539428711,0.0,2.6000000000000002e-05,698.128384
1400,3.5588393211364746,0.02541731670498848,7.0668439865112305,0.0,2.8000000000000003e-05,698.128384
1500,3.5171639919281006,0.025671202689409256,6.982985496520996,0.0,3e-05,698.128384
1600,3.2823684215545654,0.024750657379627228,6.515235424041748,0.0,3.2000000000000005e-05,698.128384
1700,3.3162050247192383,0.024812493473291397,6.582785129547119,0.0,3.4000000000000007e-05,698.128384
1800,3.465588331222534,0.024743782356381416,6.881689071655273,0.0,3.6e-05,698.128384
1900,3.3761680126190186,0.025078359991312027,6.702179431915283,0.0,3.8e-05,698.128384
2000,3.1167664527893066,0.0244322307407856,6.18466854095459,0.0,4e-05,698.128384
2100,3.0524325370788574,0.024041425436735153,6.056782245635986,0.0,4.2e-05,698.128384
2200,3.263322353363037,0.024825815111398697,6.476993083953857,0.0,4.4000000000000006e-05,698.128384
2300,2.9551053047180176,0.023732267320156097,5.862746238708496,0.0,4.600000000000001e-05,698.128384
2400,3.0383331775665283,0.023726115003228188,6.029213905334473,0.0,4.8e-05,698.128384
2500,3.119659423828125,0.02371079847216606,6.191897392272949,0.0,5e-05,698.128384
2600,2.9237968921661377,0.02332914248108864,5.8009352684021,0.0,5.2000000000000004e-05,698.128384
2700,2.8596436977386475,0.023136712610721588,5.673014163970947,0.0,5.4000000000000005e-05,698.128384
2800,2.9070940017700195,0.023411208763718605,5.767365455627441,0.0,5.6000000000000006e-05,698.128384
2900,2.370166301727295,0.022465992718935013,4.695400714874268,0.0,5.8e-05,698.128384
3000,2.835653066635132,0.023165971040725708,5.624974250793457,0.0,6e-05,698.128384
3100,2.6885604858398438,0.02238653227686882,5.332347869873047,0.0,6.2e-05,698.128384
3200,2.8775014877319336,0.023328859359025955,5.708345413208008,0.0,6.400000000000001e-05,698.128384
3300,2.839852809906006,0.02240695431828499,5.634891510009766,0.0,6.6e-05,698.128384
3400,3.3166985511779785,0.025449486449360847,6.582498073577881,0.0,6.800000000000001e-05,698.128384
3500,2.7648110389709473,0.023563403636217117,5.482495307922363,0.0,7e-05,698.128384
3600,3.021979570388794,0.024452440440654755,5.995054244995117,0.0,7.2e-05,698.128384
3700,2.827775239944458,0.022647496312856674,5.610255718231201,0.0,7.4e-05,698.128384
3800,2.8597571849823,0.023110635578632355,5.673293113708496,0.0,7.6e-05,698.128384
3900,2.6990461349487305,0.023105427622795105,5.351881504058838,0.0,7.800000000000001e-05,698.128384
4000,2.226688861846924,0.021560758352279663,4.410256385803223,0.0,8e-05,698.128384
4100,2.7759695053100586,0.022894909605383873,5.5061492919921875,0.0,8.2e-05,698.128384
4200,2.5244102478027344,0.02209547720849514,5.004629611968994,0.0,8.4e-05,698.128384
4300,2.019298791885376,0.020279143005609512,3.998039484024048,0.0,8.6e-05,698.128384
4400,2.8068912029266357,0.02312837913632393,5.567525863647461,0.0,8.800000000000001e-05,698.128384
4500,3.1132969856262207,0.023885075002908707,6.178823947906494,0.0,9e-05,698.128384
4600,2.40053129196167,0.02193542942404747,4.7571916580200195,0.0,9.200000000000001e-05,698.128384
4700,2.672506093978882,0.023548733443021774,5.297914505004883,0.0,9.4e-05,698.128384
4800,2.507626533508301,0.02230837568640709,4.970636367797852,0.0,9.6e-05,698.128384
4900,1.7893716096878052,0.021225396543741226,3.536292314529419,0.0,9.8e-05,698.128384
5000,2.52244234085083,0.021378634497523308,5.002127647399902,0.0,0.0001,698.128384
5100,2.5818426609039307,0.02285096049308777,5.117983341217041,0.0,9.999878153526974e-05,698.128384
5200,1.9481239318847656,0.021627292037010193,3.8529932498931885,0.0,9.999512620046522e-05,698.128384
5300,1.4381412267684937,0.01932554319500923,2.8376314640045166,0.0,9.998903417374228e-05,698.128384
5400,1.7780189514160156,0.02044941484928131,3.515139102935791,0.0,9.998050575201771e-05,698.128384
5500,2.3711001873016357,0.022081084549427032,4.698038101196289,0.0,9.99695413509548e-05,698.128384
5600,2.6115670204162598,0.02305983379483223,5.177014350891113,0.0,9.995614150494293e-05,698.128384
5700,1.8262853622436523,0.020023001357913017,3.6125247478485107,0.0,9.99403068670717e-05,698.128384
5800,1.5666061639785767,0.019121844321489334,3.094968557357788,0.0,9.992203820909906e-05,698.128384
5900,1.9394148588180542,0.020398173481225967,3.838033437728882,0.0,9.990133642141359e-05,698.128384
6000,2.3750813007354736,0.021110571920871735,4.70794153213501,0.0,9.987820251299122e-05,698.128384
6100,2.158482313156128,0.021574780344963074,4.273815155029297,0.0,9.985263761134602e-05,698.128384
6200,1.962455153465271,0.01982145756483078,3.885267496109009,0.0,9.982464296247522e-05,698.128384
6300,2.415531873703003,0.022614924237132072,4.785833835601807,0.0,9.979421993079852e-05,698.128384
6400,3.2038414478302,0.024439737200737,6.3588032722473145,0.0,9.976136999909156e-05,698.128384
6500,2.463752031326294,0.022273581475019455,4.8829569816589355,0.0,9.972609476841367e-05,698.128384
6600,1.775337815284729,0.020353004336357117,3.509969711303711,0.0,9.968839595802982e-05,698.128384
6700,2.7985832691192627,0.022964272648096085,5.551238059997559,0.0,9.964827540532685e-05,698.128384
6800,2.045886516571045,0.020485831424593925,4.0508012771606445,0.0,9.96057350657239e-05,698.128384
6900,2.0495219230651855,0.021658919751644135,4.055726051330566,0.0,9.956077701257709e-05,698.128384
7000,2.479825258255005,0.02348463609814644,4.9126811027526855,0.0,9.951340343707852e-05,698.128384
7100,2.497617721557617,0.022297244518995285,4.95064115524292,0.0,9.946361664814943e-05,698.128384
7200,2.4886040687561035,0.021581899374723434,4.934044361114502,0.0,9.941141907232765e-05,698.128384
7300,2.4851839542388916,0.02342633157968521,4.923515319824219,0.0,9.93568132536494e-05,698.128384
7400,1.8714584112167358,0.02061329036951065,3.701690196990967,0.0,9.929980185352526e-05,698.128384
7500,1.7695258855819702,0.020332667976617813,3.4983863830566406,0.0,9.924038765061042e-05,698.128384
7600,2.345991373062134,0.022255700081586838,4.6474714279174805,0.0,9.917857354066931e-05,698.128384
7700,2.502558708190918,0.023534974083304405,4.958047389984131,0.0,9.911436253643445e-05,698.128384
7800,1.9243685007095337,0.0205749049782753,3.807587146759033,0.0,9.904775776745958e-05,698.128384
7900,1.4583855867385864,0.01903817430138588,2.878694772720337,0.0,9.89787624799672e-05,698.128384
8000,1.7682197093963623,0.02050260454416275,3.495434284210205,0.0,9.890738003669029e-05,698.128384
8100,2.379552125930786,0.021981459110975266,4.715141296386719,0.0,9.88336139167084e-05,698.128384
8200,1.022029161453247,0.01846928708255291,2.007119655609131,0.0,9.875746771527816e-05,698.128384
8300,1.5464757680892944,0.019314931705594063,3.054321765899658,0.0,9.867894514365802e-05,698.128384
8400,2.539175510406494,0.022720955312252045,5.032908916473389,0.0,9.859805002892732e-05,698.128384
8500,2.0482730865478516,0.020635783672332764,4.055274486541748,0.0,9.851478631379982e-05,698.128384
8600,1.8131015300750732,0.020046502351760864,3.5861101150512695,0.0,9.842915805643155e-05,698.128384
8700,2.0136892795562744,0.020574647933244705,3.986229419708252,0.0,9.834116943022298e-05,698.128384
8800,1.7485264539718628,0.019835148006677628,3.4573826789855957,0.0,9.825082472361557e-05,698.128384
8900,2.3899025917053223,0.02276943065226078,4.73426628112793,0.0,9.815812833988291e-05,698.128384
9000,2.607179641723633,0.022669436410069466,5.169020175933838,0.0,9.806308479691595e-05,698.128384
9100,1.4643951654434204,0.019782135263085365,2.889225959777832,0.0,9.796569872700288e-05,698.128384
9200,1.7354631423950195,0.021151896566152573,3.4286224842071533,0.0,9.786597487660337e-05,698.128384
9300,0.9744927287101746,0.018161416053771973,1.9126626253128052,0.0,9.776391810611718e-05,698.128384
9400,2.4880785942077637,0.022917533293366432,4.930322170257568,0.0,9.765953338964735e-05,698.128384
9500,1.1176446676254272,0.01871812902390957,2.1978530883789062,0.0,9.755282581475769e-05,698.128384
9600,1.6580235958099365,0.019989095628261566,3.276068925857544,0.0,9.744380058222483e-05,698.128384
9700,1.371655821800232,0.019445151090621948,2.704421281814575,0.0,9.733246300578483e-05,698.128384
9800,1.3533473014831543,0.01908697560429573,2.66852068901062,0.0,9.721881851187406e-05,698.128384
9900,1.6025415658950806,0.02037939243018627,3.1643242835998535,0.0,9.710287263936484e-05,698.128384
10000,2.2498247623443604,0.021801680326461792,4.456046104431152,0.0,9.698463103929542e-05,698.128384
10100,1.4328309297561646,0.01986226625740528,2.825937271118164,0.0,9.686409947459458e-05,698.128384
10200,1.5346397161483765,0.019965538755059242,3.029348373413086,0.0,9.674128381980072e-05,698.128384
10300,0.979259192943573,0.017713535577058792,1.9230912923812866,0.0,9.661619006077561e-05,698.128384
10400,2.2646241188049316,0.02170656993985176,4.485835075378418,0.0,9.648882429441257e-05,698.128384
10500,1.4559673070907593,0.02001098543405533,2.871912717819214,0.0,9.635919272833938e-05,698.128384
10600,1.0278245210647583,0.017785655334591866,2.020077705383301,0.0,9.622730168061567e-05,698.128384
10700,1.5764045715332031,0.019877105951309204,3.1130549907684326,0.0,9.609315757942503e-05,698.128384
10800,1.6579816341400146,0.0205039381980896,3.2749555110931396,0.0,9.595676696276172e-05,698.128384
10900,1.2916157245635986,0.019216597080230713,2.5447981357574463,0.0,9.581813647811198e-05,698.128384
11000,0.9912042617797852,0.01791200041770935,1.9465844631195068,0.0,9.567727288213005e-05,698.128384
11100,1.8978087902069092,0.02076736092567444,3.7540829181671143,0.0,9.553418304030886e-05,698.128384
11200,2.40090012550354,0.02319640852510929,4.755407333374023,0.0,9.538887392664544e-05,698.128384
11300,2.0806617736816406,0.022276736795902252,4.116770267486572,0.0,9.524135262330098e-05,698.128384
11400,2.100827932357788,0.021782007068395615,4.158092021942139,0.0,9.50916263202557e-05,698.128384
11500,1.8637901544570923,0.020973335951566696,3.685633659362793,0.0,9.493970231495835e-05,698.128384
11600,1.5475060939788818,0.020226968452334404,3.054558277130127,0.0,9.478558801197065e-05,698.128384
11700,2.719752550125122,0.023558013141155243,5.392389297485352,0.0,9.462929092260628e-05,698.128384
11800,0.9833590984344482,0.018107086420059204,1.9305040836334229,0.0,9.447081866456489e-05,698.128384
11900,1.734358787536621,0.019861161708831787,3.428995132446289,0.0,9.431017896156074e-05,698.128384
12000,1.275627851486206,0.018810071051120758,2.5136356353759766,0.0,9.414737964294636e-05,698.128384
12100,1.2035417556762695,0.018802138045430183,2.369479179382324,0.0,9.398242864333083e-05,698.128384
12200,1.0131466388702393,0.017988307401537895,1.9903167486190796,0.0,9.381533400219318e-05,698.128384
12300,0.9413182735443115,0.019018661230802536,1.8445992469787598,0.0,9.364610386349049e-05,698.128384
12400,1.4834723472595215,0.01968708261847496,2.9275705814361572,0.0,9.347474647526095e-05,698.128384
12500,1.3633825778961182,0.018701788038015366,2.689361572265625,0.0,9.330127018922194e-05,698.128384
12600,0.8760452270507812,0.017858032137155533,1.716374397277832,0.0,9.312568346036288e-05,698.128384
12700,1.961962103843689,0.022779351100325584,3.8783655166625977,0.0,9.294799484653323e-05,698.128384
12800,1.7703030109405518,0.02121809497475624,3.4981698989868164,0.0,9.276821300802534e-05,698.128384
12900,1.48676598072052,0.01995709165930748,2.9336178302764893,0.0,9.258634670715238e-05,698.128384
13000,1.721237301826477,0.021062087267637253,3.400350332260132,0.0,9.24024048078213e-05,698.128384
13100,1.7198657989501953,0.020150382071733475,3.399430751800537,0.0,9.221639627510076e-05,698.128384
13200,1.3780608177185059,0.01868702843785286,2.718747615814209,0.0,9.202833017478422e-05,698.128384
13300,1.2027416229248047,0.018588047474622726,2.368307113647461,0.0,9.183821567294809e-05,698.128384
13400,1.2439478635787964,0.019328389316797256,2.4492390155792236,0.0,9.164606203550497e-05,698.128384
13500,0.7321197986602783,0.018200794234871864,1.4278379678726196,0.0,9.145187862775209e-05,698.128384
13600,2.3457798957824707,0.023716779425740242,4.6441264152526855,0.0,9.125567491391476e-05,698.128384
13700,2.1358840465545654,0.021512892097234726,4.2287421226501465,0.0,9.105746045668521e-05,698.128384
13800,1.203616976737976,0.019063539803028107,2.3691067695617676,0.0,9.085724491675642e-05,698.128384
13900,1.5302993059158325,0.02109094336628914,3.0184166431427,0.0,9.065503805235138e-05,698.128384
14000,1.4862579107284546,0.020336881279945374,2.931842088699341,0.0,9.045084971874738e-05,698.128384
14100,1.3123764991760254,0.01965833082795143,2.5854363441467285,0.0,9.02446898677957e-05,698.128384
14200,1.581241250038147,0.020911622792482376,3.120659351348877,0.0,9.003656854743667e-05,698.128384
14300,1.211529016494751,0.020145364105701447,2.3827672004699707,0.0,8.982649590120982e-05,698.128384
14400,1.887972116470337,0.020537119358778,3.734869956970215,0.0,8.961448216775954e-05,698.128384
14500,1.2012077569961548,0.01984107866883278,2.3627333641052246,0.0,8.940053768033609e-05,698.128384
14600,0.7924605011940002,0.018032725900411606,1.5488555431365967,0.0,8.9184672866292e-05,698.128384
14700,1.1569628715515137,0.018561474978923798,2.2768027782440186,0.0,8.896689824657372e-05,698.128384
14800,1.5595417022705078,0.020143909379839897,3.0787956714630127,0.0,8.874722443520899e-05,698.128384
14900,1.9243996143341064,0.020292293280363083,3.8082146644592285,0.0,8.852566213878947e-05,698.128384
15000,2.0124623775482178,0.020972853526473045,3.9829788208007812,0.0,8.83022221559489e-05,698.128384
15100,1.3806037902832031,0.019813835620880127,2.7215797901153564,0.0,8.807691537683685e-05,698.128384
15200,1.3784271478652954,0.019455576315522194,2.7179431915283203,0.0,8.784975278258783e-05,698.128384
15300,1.0226409435272217,0.019231703132390976,2.0068185329437256,0.0,8.762074544478623e-05,698.128384
15400,1.75715970993042,0.020657707005739212,3.473004102706909,0.0,8.73899045249266e-05,698.128384
15500,1.5207219123840332,0.020032111555337906,3.0013794898986816,0.0,8.715724127386972e-05,698.128384
15600,1.6746188402175903,0.019958745688199997,3.3093202114105225,0.0,8.692276703129421e-05,698.128384
15700,0.986396312713623,0.018271537497639656,1.9362494945526123,0.0,8.668649322514382e-05,698.128384
15800,2.086177110671997,0.021956246346235275,4.12844181060791,0.0,8.644843137107059e-05,698.128384
15900,0.9806762933731079,0.01810472086071968,1.9251431226730347,0.0,8.620859307187339e-05,698.128384
16000,2.8592591285705566,0.02391863614320755,5.670680999755859,0.0,8.596699001693255e-05,698.128384
16100,0.8366164565086365,0.01741594821214676,1.6384010314941406,0.0,8.572363398164017e-05,698.128384
16200,1.5013052225112915,0.020198769867420197,2.9622128009796143,0.0,8.547853682682604e-05,698.128384
16300,1.825975775718689,0.021953608840703964,3.608044385910034,0.0,8.523171049817974e-05,698.128384
16400,1.315046787261963,0.018726125359535217,2.5926413536071777,0.0,8.498316702566828e-05,698.128384
16500,0.9896624088287354,0.018935907632112503,1.941452980041504,0.0,8.473291852294987e-05,698.128384
16600,1.570271611213684,0.019757794216275215,3.101027727127075,0.0,8.44809771867835e-05,698.128384
16700,1.6652566194534302,0.020344339311122894,3.2898244857788086,0.0,8.422735529643444e-05,698.128384
16800,1.8242616653442383,0.02141052857041359,3.6057021617889404,0.0,8.397206521307584e-05,698.128384
16900,0.5854653120040894,0.01684207282960415,1.1372464895248413,0.0,8.371511937918616e-05,698.128384
17000,1.3785206079483032,0.018748722970485687,2.719543695449829,0.0,8.345653031794292e-05,698.128384
17100,0.9265334010124207,0.01797454245388508,1.817117691040039,0.0,8.319631063261209e-05,698.128384
17200,1.858260989189148,0.021169893443584442,3.674182176589966,0.0,8.293447300593402e-05,698.128384
17300,1.0374805927276611,0.01798129267990589,2.038998603820801,0.0,8.267103019950529e-05,698.128384
17400,0.9886621236801147,0.018787406384944916,1.9397494792938232,0.0,8.240599505315655e-05,698.128384
17500,1.7688993215560913,0.020120754837989807,3.4975571632385254,0.0,8.213938048432697e-05,698.128384
17600,1.1961349248886108,0.01914403773844242,2.3539817333221436,0.0,8.18711994874345e-05,698.128384
17700,0.3852597177028656,0.016063179820775986,0.7383930683135986,0.0,8.160146513324254e-05,698.128384
17800,0.7028440237045288,0.01730777695775032,1.37107253074646,0.0,8.133019056822304e-05,698.128384
17900,0.7859852313995361,0.018032701686024666,1.5359050035476685,0.0,8.105738901391552e-05,698.128384
18000,1.6819087266921997,0.02030998095870018,3.323197603225708,0.0,8.07830737662829e-05,698.128384
18100,0.8767625093460083,0.018164455890655518,1.7171961069107056,0.0,8.05072581950634e-05,698.128384
18200,1.239304780960083,0.019294144585728645,2.440021276473999,0.0,8.022995574311876e-05,698.128384
18300,1.2935587167739868,0.019206872209906578,2.548703670501709,0.0,7.99511799257793e-05,698.128384
18400,2.485853672027588,0.022664308547973633,4.9263787269592285,0.0,7.967094433018508e-05,698.128384
18500,2.049318313598633,0.021393343806266785,4.055850028991699,0.0,7.938926261462366e-05,698.128384
18600,1.381287932395935,0.019377533346414566,2.723820686340332,0.0,7.910614850786448e-05,698.128384
18700,1.6955901384353638,0.021090367808938026,3.348999500274658,0.0,7.882161580848967e-05,698.128384
18800,1.539430856704712,0.019944146275520325,3.038973331451416,0.0,7.85356783842216e-05,698.128384
18900,0.3512527644634247,0.015891695395112038,0.6707221269607544,0.0,7.82483501712469e-05,698.128384
19000,1.160413146018982,0.01892615482211113,2.2829740047454834,0.0,7.795964517353735e-05,698.128384
19100,1.4634572267532349,0.019616954028606415,2.8876805305480957,0.0,7.766957746216721e-05,698.128384
19200,1.7390035390853882,0.020279869437217712,3.4374473094940186,0.0,7.737816117462752e-05,698.128384
19300,1.0592014789581299,0.020048920065164566,2.0783050060272217,0.0,7.7085410514137e-05,698.128384
19400,1.4454683065414429,0.01996782049536705,2.851001024246216,0.0,7.679133974894983e-05,698.128384
19500,1.3893243074417114,0.019272934645414352,2.740102767944336,0.0,7.649596321166024e-05,698.128384
19600,1.1935678720474243,0.018817350268363953,2.349501132965088,0.0,7.619929529850397e-05,698.128384
19700,1.741506576538086,0.020823350176215172,3.44136643409729,0.0,7.590135046865651e-05,698.128384
19800,1.600102424621582,0.021060209721326828,3.1580843925476074,0.0,7.560214324352858e-05,698.128384
19900,1.8957250118255615,0.021495617926120758,3.7484588623046875,0.0,7.530168820605818e-05,698.128384
20000,1.2965624332427979,0.01955542527139187,2.554013967514038,0.0,7.500000000000001e-05,698.128384
20100,1.0549688339233398,0.018268324434757233,2.0734009742736816,0.0,7.469709332921155e-05,698.128384
20200,0.632902979850769,0.016755707561969757,1.2322945594787598,0.0,7.439298295693665e-05,698.128384
20300,1.9982749223709106,0.0219644233584404,3.9526209831237793,0.0,7.408768370508576e-05,698.128384
20400,1.994479775428772,0.021382426843047142,3.946194648742676,0.0,7.378121045351378e-05,698.128384
20500,1.2660362720489502,0.019551536068320274,2.492969512939453,0.0,7.347357813929454e-05,698.128384
20600,1.738971471786499,0.02053365483880043,3.436875581741333,0.0,7.316480175599309e-05,698.128384
20700,0.8655102849006653,0.018192952498793602,1.6946346759796143,0.0,7.285489635293472e-05,698.128384
20800,1.6256868839263916,0.01913360506296158,3.213106632232666,0.0,7.254387703447154e-05,698.128384
20900,1.1576653718948364,0.01802648976445198,2.279277801513672,0.0,7.223175895924638e-05,698.128384
21000,0.7810632586479187,0.018112558871507645,1.525901436805725,0.0,7.191855733945387e-05,698.128384
21100,0.9075485467910767,0.01812218315899372,1.7788527011871338,0.0,7.160428744009912e-05,698.128384
21200,1.712446928024292,0.020434819161891937,3.384024143218994,0.0,7.128896457825364e-05,698.128384
21300,0.8018445372581482,0.017735077068209648,1.5682189464569092,0.0,7.097260412230886e-05,698.128384
21400,1.8678905963897705,0.020816730335354805,3.694147825241089,0.0,7.06552214912271e-05,698.128384
21500,1.071704626083374,0.019097950309515,2.1052134037017822,0.0,7.033683215379002e-05,698.128384
21600,1.6893432140350342,0.019804075360298157,3.339078187942505,0.0,7.001745162784477e-05,698.128384
21700,2.1314926147460938,0.022887855768203735,4.217209339141846,0.0,6.969709547954756e-05,698.128384
21800,1.9698154926300049,0.02163924276828766,3.896352529525757,0.0,6.937577932260515e-05,698.128384
21900,1.9711415767669678,0.021696319803595543,3.898890495300293,0.0,6.905351881751372e-05,698.128384
22000,1.310166597366333,0.019331809133291245,2.581669569015503,0.0,6.873032967079561e-05,698.128384
22100,1.0970022678375244,0.018870387226343155,2.156263828277588,0.0,6.840622763423391e-05,698.128384
22200,0.6165300607681274,0.016787532716989517,1.1994850635528564,0.0,6.808122850410461e-05,698.128384
22300,2.3893659114837646,0.02317444235086441,4.732382774353027,0.0,6.775534812040685e-05,698.128384
22400,1.254075288772583,0.01880568079650402,2.4705393314361572,0.0,6.742860236609077e-05,698.128384
22500,1.8189306259155273,0.020859546959400177,3.596142053604126,0.0,6.710100716628344e-05,698.128384
22600,0.6404286026954651,0.016756609082221985,1.2473440170288086,0.0,6.677257848751277e-05,698.128384
22700,1.247762680053711,0.018795214593410492,2.457934856414795,0.0,6.644333233692916e-05,698.128384
22800,1.5590457916259766,0.02036738395690918,3.0773568153381348,0.0,6.611328476152557e-05,698.128384
22900,1.3499534130096436,0.018522972241044044,2.662860870361328,0.0,6.578245184735513e-05,698.128384
23000,0.6919657588005066,0.01706777699291706,1.349795937538147,0.0,6.545084971874738e-05,698.128384
23100,2.1387264728546143,0.021264152601361275,4.234924793243408,0.0,6.511849453752223e-05,698.128384
23200,1.002995491027832,0.018113916739821434,1.969763159751892,0.0,6.478540250220234e-05,698.128384
23300,1.494032621383667,0.020126182585954666,2.947812795639038,0.0,6.445158984722358e-05,698.128384
23400,1.0023130178451538,0.0179537795484066,1.968718409538269,0.0,6.411707284214384e-05,698.128384
23500,1.3077566623687744,0.01887444406747818,2.5777645111083984,0.0,6.378186779084995e-05,698.128384
23600,1.7683184146881104,0.02069062739610672,3.495255470275879,0.0,6.344599103076329e-05,698.128384
23700,1.7305912971496582,0.020314227789640427,3.4205541610717773,0.0,6.310945893204324e-05,698.128384
23800,1.6353449821472168,0.020042316988110542,3.230605363845825,0.0,6.277228789678953e-05,698.128384
23900,1.7447328567504883,0.020239170640707016,3.4489874839782715,0.0,6.243449435824276e-05,698.128384
24000,0.6360512971878052,0.017601169645786285,1.2369002103805542,0.0,6.209609477998338e-05,698.128384
24100,2.004317283630371,0.021785598248243332,3.9650635719299316,0.0,6.17571056551295e-05,698.128384
24200,1.7953214645385742,0.02134181745350361,3.547959327697754,0.0,6.141754350553279e-05,698.128384
24300,1.8444896936416626,0.020239073783159256,3.64850115776062,0.0,6.107742488097338e-05,698.128384
24400,0.6112339496612549,0.016834743320941925,1.188798427581787,0.0,6.073676635835317e-05,698.128384
24500,1.1997087001800537,0.019060246646404266,2.3612968921661377,0.0,6.0395584540887963e-05,698.128384
24600,1.3241862058639526,0.018902188166975975,2.610568046569824,0.0,6.005389605729824e-05,698.128384
24700,1.9554555416107178,0.02077345922589302,3.8693642616271973,0.0,5.97117175609986e-05,698.128384
24800,0.8479161858558655,0.017183778807520866,1.661464810371399,0.0,5.9369065729286245e-05,698.128384
24900,1.271579384803772,0.01959395594894886,2.5039708614349365,0.0,5.902595726252801e-05,698.128384
25000,0.9124221205711365,0.017487071454524994,1.7898701429367065,0.0,5.868240888334653e-05,698.128384
25100,0.9688295125961304,0.01784246787428856,1.901974081993103,0.0,5.833843733580512e-05,698.128384
25200,1.0580017566680908,0.018364138901233673,2.079275131225586,0.0,5.799405938459175e-05,698.128384
25300,1.7940517663955688,0.020541151985526085,3.5470211505889893,0.0,5.764929181420191e-05,698.128384
25400,0.8768854141235352,0.017828037962317467,1.7181147336959839,0.0,5.730415142812059e-05,698.128384
25500,0.5659952163696289,0.017545338720083237,1.0968997478485107,0.0,5.695865504800327e-05,698.128384
25600,1.6412761211395264,0.020088989287614822,3.2423741817474365,0.0,5.661281951285613e-05,698.128384
25700,0.5516705513000488,0.016933351755142212,1.069474458694458,0.0,5.6266661678215216e-05,698.128384
25800,1.5283292531967163,0.019683361053466797,3.017291784286499,0.0,5.5920198415325064e-05,698.128384
25900,1.3324233293533325,0.018722619861364365,2.627401351928711,0.0,5.557344661031627e-05,698.128384
26000,1.3905540704727173,0.01892821118235588,2.7432518005371094,0.0,5.522642316338268e-05,698.128384
26100,1.5977210998535156,0.020017877221107483,3.1554064750671387,0.0,5.487914498795747e-05,698.128384
26200,2.5207223892211914,0.02388208732008934,4.993680477142334,0.0,5.453162900988902e-05,698.128384
26300,1.1929941177368164,0.01925470679998398,2.3474788665771484,0.0,5.418389216661579e-05,698.128384
26400,0.6697396039962769,0.0175339262932539,1.3044114112854004,0.0,5.383595140634093e-05,698.128384
26500,1.5870985984802246,0.021194711327552795,3.131807804107666,0.0,5.348782368720626e-05,698.128384
26600,0.9035646915435791,0.01880376972258091,1.7695218324661255,0.0,5.313952597646568e-05,698.128384
26700,1.8887990713119507,0.02154543064534664,3.7345073223114014,0.0,5.279107524965819e-05,698.128384
26800,1.5492539405822754,0.0203478392213583,3.057812213897705,0.0,5.244248848978067e-05,698.128384
26900,0.9204018712043762,0.017859606072306633,1.8050845861434937,0.0,5.209378268645998e-05,698.128384
27000,1.6761738061904907,0.02137964777648449,3.3095884323120117,0.0,5.174497483512506e-05,698.128384
27100,1.4105521440505981,0.01929584890604019,2.782512664794922,0.0,5.139608193617845e-05,698.128384
27200,1.2405829429626465,0.01960565149784088,2.4419546127319336,0.0,5.104712099416785e-05,698.128384
27300,1.1318488121032715,0.018033653497695923,2.227630376815796,0.0,5.0698109016957274e-05,698.128384
27400,0.7826398015022278,0.017093181610107422,1.5310932397842407,0.0,5.034906301489808e-05,698.128384
27500,1.252555251121521,0.01849597878754139,2.46811842918396,0.0,5e-05,698.128384
27600,1.0466235876083374,0.018911506980657578,2.055424213409424,0.0,4.965093698510193e-05,698.128384
27700,1.0919348001480103,0.018314387649297714,2.1472408771514893,0.0,4.9301890983042744e-05,698.128384
27800,0.7789169549942017,0.01727769710123539,1.5232784748077393,0.0,4.895287900583216e-05,698.128384
27900,1.01741623878479,0.018223000690340996,1.9983865022659302,0.0,4.860391806382157e-05,698.128384
28000,2.347623825073242,0.022562142461538315,4.650123596191406,0.0,4.825502516487497e-05,698.128384
28100,0.3976689279079437,0.01670355722308159,0.7619307637214661,0.0,4.790621731354003e-05,698.128384
28200,1.9561915397644043,0.02112298272550106,3.8701372146606445,0.0,4.755751151021934e-05,698.128384
28300,0.3253830373287201,0.015281552448868752,0.6202029585838318,0.0,4.720892475034181e-05,698.128384
28400,0.3978988528251648,0.016684308648109436,0.7624290585517883,0.0,4.6860474023534335e-05,698.128384
28500,0.9020341038703918,0.01767810434103012,1.768712043762207,0.0,4.6512176312793736e-05,698.128384
28600,0.5840444564819336,0.016712741926312447,1.134663462638855,0.0,4.616404859365907e-05,698.128384
28700,1.4540233612060547,0.020086929202079773,2.867872953414917,0.0,4.5816107833384234e-05,698.128384
28800,0.3728124797344208,0.016468951478600502,0.712687075138092,0.0,4.5468370990111006e-05,698.128384
28900,0.6659300923347473,0.01762617565691471,1.2966078519821167,0.0,4.512085501204253e-05,698.128384
29000,1.4855537414550781,0.02010110765695572,2.930905342102051,0.0,4.477357683661734e-05,698.128384
29100,1.6237167119979858,0.019744399935007095,3.207944631576538,0.0,4.442655338968373e-05,698.128384
29200,1.3153084516525269,0.019032621756196022,2.5925517082214355,0.0,4.407980158467495e-05,698.128384
29300,1.1325217485427856,0.018331628292798996,2.2283802032470703,0.0,4.373333832178478e-05,698.128384
29400,1.0987683534622192,0.019070137292146683,2.1593964099884033,0.0,4.3387180487143876e-05,698.128384
29500,0.36480405926704407,0.015634780749678612,0.6983385682106018,0.0,4.3041344951996746e-05,698.128384
29600,1.8815042972564697,0.021714579313993454,3.7195794582366943,0.0,4.269584857187943e-05,698.128384
29700,0.898029625415802,0.01741636171936989,1.7612265348434448,0.0,4.23507081857981e-05,698.128384
29800,1.2109206914901733,0.019140375778079033,2.3835606575012207,0.0,4.2005940615408264e-05,698.128384
29900,0.30202487111091614,0.016000570729374886,0.5720486044883728,0.0,4.166156266419489e-05,698.128384
30000,0.7349563241004944,0.01811644248664379,1.4336798191070557,0.0,4.131759111665349e-05,698.128384
30100,1.297512412071228,0.019136790186166763,2.556751251220703,0.0,4.0974042737472006e-05,698.128384
30200,1.2398746013641357,0.019541596993803978,2.4406659603118896,0.0,4.063093427071376e-05,698.128384
30300,0.5741369724273682,0.016927681863307953,1.114418625831604,0.0,4.028828243900141e-05,698.128384
30400,1.3906867504119873,0.02070016786456108,2.7399730682373047,0.0,3.9946103942701777e-05,698.128384
30500,1.2233082056045532,0.0190149936825037,2.4085865020751953,0.0,3.960441545911204e-05,698.128384
30600,2.357607364654541,0.023298244923353195,4.668618202209473,0.0,3.926323364164684e-05,698.128384
30700,1.1209907531738281,0.019020020961761475,2.203941583633423,0.0,3.892257511902664e-05,698.128384
30800,1.2963899374008179,0.019338853657245636,2.5541021823883057,0.0,3.858245649446721e-05,698.128384
30900,1.6109161376953125,0.02066722884774208,3.180497884750366,0.0,3.82428943448705e-05,698.128384
31000,1.4619554281234741,0.019876832142472267,2.884157180786133,0.0,3.790390522001662e-05,698.128384
31100,0.4506264328956604,0.0165155790746212,0.8682217001914978,0.0,3.756550564175727e-05,698.128384
31200,2.6115622520446777,0.02326418086886406,5.176596164703369,0.0,3.7227712103210486e-05,698.128384
31300,1.1412228345870972,0.018344290554523468,2.2457571029663086,0.0,3.6890541067956776e-05,698.128384
31400,0.7418262958526611,0.01757589727640152,1.4485007524490356,0.0,3.655400896923672e-05,698.128384
31500,1.267209768295288,0.018834983929991722,2.4967496395111084,0.0,3.6218132209150045e-05,698.128384
31600,0.625630259513855,0.0172642283141613,1.2167320251464844,0.0,3.588292715785617e-05,698.128384
31700,0.8060075640678406,0.017815880477428436,1.576383352279663,0.0,3.554841015277641e-05,698.128384
31800,1.4526835680007935,0.0190129391849041,2.8673412799835205,0.0,3.5214597497797684e-05,698.128384
31900,0.6138270497322083,0.016331158578395844,1.1949918270111084,0.0,3.488150546247778e-05,698.128384
32000,1.7330745458602905,0.020090606063604355,3.4259679317474365,0.0,3.4549150281252636e-05,698.128384
32100,1.664047360420227,0.021355202421545982,3.2853844165802,0.0,3.4217548152644885e-05,698.128384
32200,0.5562702417373657,0.016545172780752182,1.0794501304626465,0.0,3.388671523847445e-05,698.128384
32300,1.276573896408081,0.01934795454144478,2.5144519805908203,0.0,3.355666766307084e-05,698.128384
32400,0.9061756134033203,0.01825784519314766,1.7758355140686035,0.0,3.322742151248725e-05,698.128384
32500,0.49781447649002075,0.016317155212163925,0.9629946351051331,0.0,3.289899283371657e-05,698.128384
32600,2.2682759761810303,0.023152723908424377,4.490246295928955,0.0,3.257139763390925e-05,698.128384
32700,1.511464238166809,0.019406186416745186,2.9841160774230957,0.0,3.224465187959316e-05,698.128384
32800,2.570152521133423,0.02366703376173973,5.092970848083496,0.0,3.1918771495895396e-05,698.128384
32900,0.7671186327934265,0.016890473663806915,1.5004563331604004,0.0,3.1593772365766105e-05,698.128384
33000,1.0333850383758545,0.018119238317012787,2.030531644821167,0.0,3.12696703292044e-05,698.128384
33100,0.4066789150238037,0.016650989651679993,0.7800558805465698,0.0,3.09464811824863e-05,698.128384
33200,0.4320063889026642,0.01663154736161232,0.8307496905326843,0.0,3.062422067739485e-05,698.128384
33300,1.4707318544387817,0.019118770956993103,2.903226137161255,0.0,3.0302904520452447e-05,698.128384
33400,1.6778215169906616,0.020152810961008072,3.3153374195098877,0.0,2.9982548372155263e-05,698.128384
33500,1.7305432558059692,0.02078508585691452,3.4195163249969482,0.0,2.9663167846209998e-05,698.128384
33600,1.557590126991272,0.020069338381290436,3.0750415325164795,0.0,2.934477850877292e-05,698.128384
33700,1.034524917602539,0.018655939027667046,2.031738042831421,0.0,2.9027395877691144e-05,698.128384
33800,1.1546911001205444,0.01867573708295822,2.272030830383301,0.0,2.8711035421746367e-05,698.128384
33900,0.8088049292564392,0.01682262495160103,1.5839645862579346,0.0,2.8395712559900877e-05,698.128384
34000,2.2671029567718506,0.022715752944350243,4.488774299621582,0.0,2.8081442660546125e-05,698.128384
34100,2.763556718826294,0.0244094617664814,5.478294372558594,0.0,2.776824104075364e-05,698.128384
34200,0.3351733088493347,0.015627805143594742,0.6390910148620605,0.0,2.7456122965528475e-05,698.128384
34300,1.0128029584884644,0.018423857167363167,1.9887580871582031,0.0,2.7145103647065308e-05,698.128384
34400,0.3583918809890747,0.01531013660132885,0.6861634850502014,0.0,2.6835198244006927e-05,698.128384
34500,2.273404121398926,0.02229597046971321,4.502216339111328,0.0,2.6526421860705473e-05,698.128384
34600,0.526577889919281,0.01662668213248253,1.0199024677276611,0.0,2.6218789546486234e-05,698.128384
34700,1.5542892217636108,0.020418841391801834,3.0677406787872314,0.0,2.591231629491423e-05,698.128384
34800,1.499434471130371,0.02011454850435257,2.9586398601531982,0.0,2.560701704306336e-05,698.128384
34900,1.0174418687820435,0.018429309129714966,1.9980250597000122,0.0,2.5302906670788462e-05,698.128384
35000,1.3016057014465332,0.019394852221012115,2.5644216537475586,0.0,2.500000000000001e-05,698.128384
35100,1.5512233972549438,0.020479649305343628,3.0614874362945557,0.0,2.469831179394182e-05,698.128384
35200,1.3256840705871582,0.01921757310628891,2.6129329204559326,0.0,2.4397856756471432e-05,698.128384
35300,0.3695107102394104,0.0164017491042614,0.7062179446220398,0.0,2.4098649531343497e-05,698.128384
35400,0.28250977396965027,0.015625648200511932,0.5337682366371155,0.0,2.3800704701496053e-05,698.128384
35500,1.0695799589157104,0.018070079386234283,2.1030197143554688,0.0,2.350403678833976e-05,698.128384
35600,1.866321325302124,0.021378658711910248,3.689885377883911,0.0,2.3208660251050158e-05,698.128384
35700,2.2523927688598633,0.021958790719509125,4.460867881774902,0.0,2.2914589485863014e-05,698.128384
35800,1.2965829372406006,0.018440011888742447,2.556285858154297,0.0,2.2621838825372493e-05,698.128384
35900,1.1194967031478882,0.019161473959684372,2.2006704807281494,0.0,2.23304225378328e-05,698.128384
36000,1.6853083372116089,0.02046509087085724,3.329686403274536,0.0,2.2040354826462668e-05,698.128384
36100,1.3583391904830933,0.019524840638041496,2.677628755569458,0.0,2.1751649828753106e-05,698.128384
36200,0.8025013208389282,0.017421439290046692,1.5701597929000854,0.0,2.1464321615778422e-05,698.128384
36300,1.7962946891784668,0.020164376124739647,3.552260637283325,0.0,2.117838419151034e-05,698.128384
36400,0.5918315649032593,0.017249170690774918,1.1491647958755493,0.0,2.0893851492135537e-05,698.128384
36500,1.174961805343628,0.018393786624073982,2.313136100769043,0.0,2.061073738537635e-05,698.128384
36600,0.773742139339447,0.01697753369808197,1.5135291814804077,0.0,2.0329055669814934e-05,698.128384
36700,1.5379879474639893,0.02071944996714592,3.0345370769500732,0.0,2.0048820074220715e-05,698.128384
36800,1.6159878969192505,0.020884551107883453,3.19020676612854,0.0,1.977004425688126e-05,698.128384
36900,1.3017115592956543,0.01888885162770748,2.565645456314087,0.0,1.9492741804936622e-05,698.128384
37000,1.242577314376831,0.020476514473557472,2.444201707839966,0.0,1.9216926233717085e-05,698.128384
37100,0.6689417958259583,0.017691265791654587,1.3025010824203491,0.0,1.8942610986084486e-05,698.128384
37200,0.3589906096458435,0.015666864812374115,0.6866474747657776,0.0,1.866980943177699e-05,698.128384
37300,0.6906538009643555,0.017951399087905884,1.345404863357544,0.0,1.8398534866757454e-05,698.128384
37400,1.6202470064163208,0.020018357783555984,3.2004573345184326,0.0,1.8128800512565513e-05,698.128384
37500,1.5589430332183838,0.019900742918252945,3.0780844688415527,0.0,1.7860619515673033e-05,698.128384
37600,0.8558144569396973,0.01759069599211216,1.6764475107192993,0.0,1.7594004946843456e-05,698.128384
37700,0.5802451968193054,0.016653036698698997,1.127184271812439,0.0,1.7328969800494726e-05,698.128384
37800,0.8352859020233154,0.017962366342544556,1.634647011756897,0.0,1.7065526994065973e-05,698.128384
37900,2.144057035446167,0.021645957604050636,4.244822025299072,0.0,1.680368936738792e-05,698.128384
38000,1.0582542419433594,0.018582291901111603,2.079343795776367,0.0,1.6543469682057106e-05,698.128384
38100,0.37626177072525024,0.016141533851623535,0.7202404737472534,0.0,1.6284880620813848e-05,698.128384
38200,1.0977767705917358,0.017962832003831863,2.159627914428711,0.0,1.602793478692419e-05,698.128384
38300,1.2059996128082275,0.018664749339222908,2.3746697902679443,0.0,1.5772644703565565e-05,698.128384
38400,1.7916465997695923,0.02070162072777748,3.5418899059295654,0.0,1.551902281321651e-05,698.128384
38500,1.261987566947937,0.019714225083589554,2.484546661376953,0.0,1.526708147705013e-05,698.128384
38600,1.281541347503662,0.019093114882707596,2.5248963832855225,0.0,1.5016832974331724e-05,698.128384
38700,0.8216596245765686,0.01667994260787964,1.609959363937378,0.0,1.4768289501820265e-05,698.128384
38800,0.45215263962745667,0.01579112932085991,0.8727230429649353,0.0,1.4521463173173965e-05,698.128384
38900,1.4254441261291504,0.019538624212145805,2.8118109703063965,0.0,1.4276366018359844e-05,698.128384
39000,2.458829402923584,0.02288723737001419,4.871884346008301,0.0,1.4033009983067452e-05,698.128384
39100,0.14253686368465424,0.015069279819726944,0.2549351751804352,0.0,1.3791406928126638e-05,698.128384
39200,1.238332748413086,0.018787646666169167,2.4390902519226074,0.0,1.3551568628929434e-05,698.128384
39300,0.9710025191307068,0.018547821789979935,1.904909372329712,0.0,1.3313506774856177e-05,698.128384
39400,1.2763378620147705,0.019866440445184708,2.5129427909851074,0.0,1.3077232968705805e-05,698.128384
39500,0.9497132897377014,0.017329035326838493,1.8647685050964355,0.0,1.2842758726130283e-05,698.128384
39600,1.177497386932373,0.019029591232538223,2.3169355392456055,0.0,1.2610095475073414e-05,698.128384
39700,0.8818145990371704,0.017205990850925446,1.7292171716690063,0.0,1.2379254555213788e-05,698.128384
39800,2.0998377799987793,0.021795321255922318,4.156085014343262,0.0,1.2150247217412186e-05,698.128384
39900,0.8562753796577454,0.017475033178925514,1.6776007413864136,0.0,1.1923084623163172e-05,698.128384
40000,1.5966572761535645,0.020575426518917084,3.1521637439727783,0.0,1.1697777844051105e-05,698.128384
40100,1.03739595413208,0.01787489280104637,2.0390422344207764,0.0,1.1474337861210543e-05,698.128384
40200,1.6928976774215698,0.01959690824151039,3.3466014862060547,0.0,1.1252775564791024e-05,698.128384
40300,0.4636876583099365,0.016677767038345337,0.8940197825431824,0.0,1.1033101753426283e-05,698.128384
40400,1.8587530851364136,0.021366244181990623,3.674773693084717,0.0,1.0815327133708015e-05,698.128384
40500,0.6103993654251099,0.016750896349549294,1.187296986579895,0.0,1.0599462319663905e-05,698.128384
40600,0.9216378927230835,0.01788279414176941,1.8075101375579834,0.0,1.0385517832240471e-05,698.128384
40700,0.9016123414039612,0.01745767891407013,1.7683093547821045,0.0,1.0173504098790187e-05,698.128384
40800,0.6120708584785461,0.016412317752838135,1.191317081451416,0.0,9.963431452563332e-06,698.128384
40900,0.41856375336647034,0.015793751925230026,0.8055400252342224,0.0,9.755310132204298e-06,698.128384
41000,0.5596802234649658,0.016592010855674744,1.0861763954162598,0.0,9.549150281252633e-06,698.128384
41100,1.6808664798736572,0.02038833312690258,3.320956230163574,0.0,9.344961947648623e-06,698.128384
41200,1.3042351007461548,0.018971800804138184,2.570526599884033,0.0,9.142755083243576e-06,698.128384
41300,1.5226917266845703,0.019475389271974564,3.0064327716827393,0.0,8.9425395433148e-06,698.128384
41400,0.25936535000801086,0.016460968181490898,0.485808789730072,0.0,8.744325086085248e-06,698.128384
41500,1.4344886541366577,0.01998608186841011,2.829005241394043,0.0,8.548121372247918e-06,698.128384
41600,0.08310385793447495,0.01467151939868927,0.13686467707157135,0.0,8.353937964495029e-06,698.128384
41700,1.3799850940704346,0.01870054006576538,2.722569227218628,0.0,8.16178432705192e-06,698.128384
41800,1.1735621690750122,0.019878294318914413,2.3073678016662598,0.0,7.971669825215788e-06,698.128384
41900,1.7176353931427002,0.019922418519854546,3.395426034927368,0.0,7.783603724899257e-06,698.128384
42000,1.3986352682113647,0.01837741583585739,2.7605156898498535,0.0,7.597595192178702e-06,698.128384
42100,2.1246068477630615,0.021901236847043037,4.205411434173584,0.0,7.413653292847617e-06,698.128384
42200,0.5269173979759216,0.017133355140686035,1.0195680856704712,0.0,7.2317869919746705e-06,698.128384
42300,1.7262638807296753,0.020009510219097137,3.412508726119995,0.0,7.052005153466779e-06,698.128384
42400,0.9156275987625122,0.01686881110072136,1.7975175380706787,0.0,6.874316539637127e-06,698.128384
42500,1.9925013780593872,0.022680358961224556,3.9396419525146484,0.0,6.698729810778065e-06,698.128384
42600,1.1946616172790527,0.01885395497083664,2.3516154289245605,0.0,6.52525352473905e-06,698.128384
42700,1.6188238859176636,0.02093166671693325,3.195784330368042,0.0,6.353896136509524e-06,698.128384
42800,1.1994374990463257,0.018466539680957794,2.3619418144226074,0.0,6.184665997806832e-06,698.128384
42900,0.9801977872848511,0.018080851063132286,1.9242339134216309,0.0,6.017571356669183e-06,698.128384
43000,1.10879385471344,0.018777061253786087,2.1800336837768555,0.0,5.852620357053651e-06,698.128384
43100,1.1575303077697754,0.018112845718860626,2.278834819793701,0.0,5.689821038439263e-06,698.128384
43200,0.1959456503391266,0.017172060906887054,0.35754719376564026,0.0,5.529181335435124e-06,698.128384
43300,2.0358831882476807,0.021132487803697586,4.029501438140869,0.0,5.370709077393721e-06,698.128384
43400,1.4426277875900269,0.019121380522847176,2.847012758255005,0.0,5.214411988029355e-06,698.128384
43500,1.6985437870025635,0.020326578989624977,3.3564343452453613,0.0,5.060297685041659e-06,698.128384
43600,1.2261378765106201,0.019034789875149727,2.4142062664031982,0.0,4.908373679744316e-06,698.128384
43700,0.8125540018081665,0.01866874098777771,1.5877704620361328,0.0,4.758647376699032e-06,698.128384
43800,0.9198797941207886,0.018406465649604797,1.80294668674469,0.0,4.611126073354571e-06,698.128384
43900,1.2589468955993652,0.018999096006155014,2.47989559173584,0.0,4.465816959691149e-06,698.128384
44000,0.12046907842159271,0.015307911671698093,0.2103223353624344,0.0,4.322727117869951e-06,698.128384
44100,1.294162631034851,0.019364282488822937,2.5495967864990234,0.0,4.181863521888019e-06,698.128384
44200,1.1828253269195557,0.019992908462882042,2.325664758682251,0.0,4.043233037238281e-06,698.128384
44300,0.8152444958686829,0.017634980380535126,1.5952190160751343,0.0,3.90684242057498e-06,698.128384
44400,0.9975264072418213,0.01769876480102539,1.9596552848815918,0.0,3.772698319384349e-06,698.128384
44500,0.6740847826004028,0.017409391701221466,1.313350796699524,0.0,3.6408072716606346e-06,698.128384
44600,1.4707878828048706,0.019539140164852142,2.9024975299835205,0.0,3.511175705587433e-06,698.128384
44700,1.1755341291427612,0.01982026919722557,2.3114278316497803,0.0,3.3838099392243916e-06,698.128384
44800,1.1156514883041382,0.018619073554873466,2.1940648555755615,0.0,3.258716180199278e-06,698.128384
44900,1.6885684728622437,0.01976088061928749,3.3376152515411377,0.0,3.1359005254054273e-06,698.128384
45000,1.0462887287139893,0.018163632601499557,2.0562500953674316,0.0,3.0153689607045845e-06,698.128384
45100,1.505720615386963,0.020339900627732277,2.97076153755188,0.0,2.8971273606351658e-06,698.128384
45200,1.8248343467712402,0.021069247275590897,3.607530117034912,0.0,2.7811814881259503e-06,698.128384
45300,0.40144893527030945,0.015941539779305458,0.7710148096084595,0.0,2.667536994215186e-06,698.128384
45400,1.0327564477920532,0.018094312399625778,2.0293242931365967,0.0,2.5561994177751737e-06,698.128384
45500,0.7371380925178528,0.01771879754960537,1.4388386011123657,0.0,2.4471741852423237e-06,698.128384
45600,0.35536155104637146,0.015292354859411716,0.6801384091377258,0.0,2.340466610352654e-06,698.128384
45700,1.573109745979309,0.020464248955249786,3.1052908897399902,0.0,2.2360818938828187e-06,698.128384
45800,1.9958137273788452,0.022918662056326866,3.9457900524139404,0.0,2.134025123396638e-06,698.128384
45900,1.32542884349823,0.01852213218808174,2.6138134002685547,0.0,2.0343012729971243e-06,698.128384
46000,1.1600092649459839,0.019195646047592163,2.2816271781921387,0.0,1.9369152030840556e-06,698.128384
46100,0.7764268517494202,0.016740184277296066,1.5193732976913452,0.0,1.841871660117095e-06,698.128384
46200,0.7935526967048645,0.017544634640216827,1.5520161390304565,0.0,1.7491752763844293e-06,698.128384
46300,0.6426618695259094,0.017930302768945694,1.2494630813598633,0.0,1.6588305697770313e-06,698.128384
46400,1.8995671272277832,0.021240364760160446,3.7566535472869873,0.0,1.5708419435684462e-06,698.128384
46500,1.1515600681304932,0.017682485282421112,2.2677552700042725,0.0,1.4852136862001764e-06,698.128384
46600,1.008981466293335,0.018252892419695854,1.981457233428955,0.0,1.4019499710726913e-06,698.128384
46700,1.9476441144943237,0.02232399955391884,3.850640296936035,0.0,1.3210548563419856e-06,698.128384
46800,1.3328202962875366,0.01893775537610054,2.62776517868042,0.0,1.2425322847218368e-06,698.128384
46900,0.4243521988391876,0.015982571989297867,0.8167392611503601,0.0,1.166386083291604e-06,698.128384
47000,0.7150976061820984,0.017355868592858315,1.3954834938049316,0.0,1.0926199633097157e-06,698.128384
47100,0.7623663544654846,0.017848148941993713,1.4890364408493042,0.0,1.0212375200327973e-06,698.128384
47200,1.1590887308120728,0.018478352576494217,2.2812206745147705,0.0,9.522422325404235e-07,698.128384
47300,1.2767434120178223,0.018801510334014893,2.515883684158325,0.0,8.856374635655695e-07,698.128384
47400,1.478053092956543,0.01913296803832054,2.9178402423858643,0.0,8.214264593307098e-07,698.128384
47500,1.1507511138916016,0.018234821036458015,2.2650325298309326,0.0,7.596123493895991e-07,698.128384
47600,0.6491997241973877,0.017636338248848915,1.2631267309188843,0.0,7.001981464747565e-07,698.128384
47700,0.9144176840782166,0.017986252903938293,1.792862892150879,0.0,6.431867463506048e-07,698.128384
47800,1.866103172302246,0.02039407007396221,3.691418170928955,0.0,5.885809276723608e-07,698.128384
47900,0.9394838809967041,0.017988430336117744,1.8429908752441406,0.0,5.363833518505834e-07,698.128384
48000,0.4898218512535095,0.01678474247455597,0.9460741877555847,0.0,4.865965629214819e-07,698.128384
48100,1.815979242324829,0.02076072245836258,3.5904369354248047,0.0,4.392229874229159e-07,698.128384
48200,0.3899453580379486,0.016034182161092758,0.7478223443031311,0.0,3.9426493427611177e-07,698.128384
48300,1.1707578897476196,0.019029010087251663,2.303457736968994,0.0,3.517245946731529e-07,698.128384
48400,0.15298816561698914,0.014852362684905529,0.27627161145210266,0.0,3.1160404197018154e-07,698.128384
48500,1.6505482196807861,0.01984720304608345,3.261402130126953,0.0,2.7390523158633554e-07,698.128384
48600,1.2440710067749023,0.019124722108244896,2.449892520904541,0.0,2.386300009084408e-07,698.128384
48700,1.273830771446228,0.019868936389684677,2.5079236030578613,0.0,2.057800692014833e-07,698.128384
48800,0.901574969291687,0.018590115010738373,1.7659697532653809,0.0,1.753570375247815e-07,698.128384
48900,0.34015876054763794,0.016448315232992172,0.6474208831787109,0.0,1.4736238865398765e-07,698.128384
49000,1.2379096746444702,0.01862386427819729,2.4385716915130615,0.0,1.2179748700879012e-07,698.128384
49100,1.2542351484298706,0.01941196247935295,2.469646453857422,0.0,9.866357858642205e-08,698.128384
49200,0.7725169658660889,0.017177455127239227,1.510679006576538,0.0,7.796179090094891e-08,698.128384
49300,0.6884438991546631,0.01799798011779785,1.3408918380737305,0.0,5.969313292830125e-08,698.128384
49400,0.8588859438896179,0.017839154228568077,1.682093620300293,0.0,4.385849505708084e-08,698.128384
49500,0.8616647720336914,0.017823804169893265,1.6876819133758545,0.0,3.04586490452119e-08,698.128384
49600,0.7401561737060547,0.01692640222609043,1.4464595317840576,0.0,1.949424798228239e-08,698.128384
49700,0.4692132771015167,0.01645810157060623,0.9055103659629822,0.0,1.096582625772502e-08,698.128384
49800,0.646142303943634,0.01709756813943386,1.2580894231796265,0.0,4.873799534788059e-09,698.128384
49900,1.5829551219940186,0.019600708037614822,3.126708745956421,0.0,1.2184647302626583e-09,698.128384
50000,0.5228177309036255,0.016744116321206093,1.0121471881866455,0.0,0.0,698.128384
