experiment,gen_ppl,entropy,trigram_rep,K,mode,num_samples
stage0_elf_baseline,18.26183920236762,4.677612330764532,,,,512
stage1_continuous_baseline,,,,,,
stage2_continuous_eval,6567.590738331209,11.478885095892174,0.0,,,256
stage3a_quant_frozen_K1,285.8822357189201,8.976031224476408,0.10322135995095466,,,256
stage3a_quant_frozen_K16,6783.026123773587,11.520020437994958,0.0,,,256
stage3a_quant_frozen_K2,2848.9149754488353,11.09495284329017,0.000574266427720716,,,256
stage3a_quant_frozen_K4,5813.035337388928,11.511691312558263,0.0,,,256
stage3a_quant_frozen_K64,6724.8259871442115,11.494824495091159,0.0,,,256
stage3a_quant_frozen_K8,6480.08884972278,11.519144837011424,0.0,,,256
stage3b_quant_learned_K1,2049.5523058921594,9.458636794764779,0.0019462254421327855,,,256
stage3b_quant_learned_K16,4087.9775409430813,9.503754026487144,0.0005293021680216805,,,256
stage3b_quant_learned_K2,1393.1411046452695,9.18201546912155,0.007281275819317305,,,256
stage3b_quant_learned_K4,3296.6284526733734,9.647498767904962,0.00030048076923076903,,,256
stage3b_quant_learned_K8,4189.948543156098,10.016089718675413,0.00024760361258865243,,,256
stage4_lowrank_fourier_K1,933.6877337929346,9.01611694352109,0.015205206709204604,,,256
stage4_lowrank_fourier_K16,3545.553037175367,9.226371720221882,0.0007304838172935428,,,256
stage4_lowrank_fourier_K2,1040.4553622512726,9.086758192445558,0.012654624228412657,,,256
stage4_lowrank_fourier_K4,1936.2153625100648,9.14702630441096,0.004811465974952486,,,256
stage4_lowrank_fourier_K8,1761.21632250924,8.664258481201534,0.003774601768816051,,,256
stage4_lowrank_learned_K1,782.7030337690543,9.166852834737835,0.01673622867914709,,,256
stage4_lowrank_learned_K16,2929.9591085028633,9.086700880520027,0.004546396851531085,,,256
stage4_lowrank_learned_K2,779.1528495391709,9.042062296757624,0.01755898250924035,,,256
stage4_lowrank_learned_K4,751.8332449641915,8.390164872252477,0.028988265616657342,,,256
stage4_lowrank_learned_K8,1354.4698768707449,8.982624450933493,0.011862343196633669,,,256
