step,loss,flow,K,basis
1,0.7728455066680908,0.01740097627043724,8,fourier
100,0.3162025809288025,0.019859416410326958,8,fourier
200,0.9099389910697937,0.021086720749735832,8,fourier
300,1.4552490711212158,0.02287185564637184,8,fourier
400,1.1249791383743286,0.02098701521754265,8,fourier
500,0.703725278377533,0.022597823292016983,8,fourier
600,0.8169808983802795,0.024979181587696075,8,fourier
700,1.8387140035629272,0.021929826587438583,8,fourier
800,0.7588930130004883,0.02496570348739624,8,fourier
900,1.7755975723266602,0.030246878042817116,8,fourier
1000,2.421555757522583,0.027415424585342407,8,fourier
1100,1.9387491941452026,0.022230230271816254,8,fourier
1200,0.7161350250244141,0.027521692216396332,8,fourier
1300,1.6209235191345215,0.026740241795778275,8,fourier
1400,1.7314563989639282,0.021187297999858856,8,fourier
1500,1.4000053405761719,0.026589741930365562,8,fourier
1600,0.46500363945961,0.0212358757853508,8,fourier
1700,1.073940396308899,0.02557864785194397,8,fourier
1800,1.9902064800262451,0.022222716361284256,8,fourier
1900,2.531759738922119,0.02959340810775757,8,fourier
2000,1.689867377281189,0.02639729157090187,8,fourier
2100,0.7842401266098022,0.024505523964762688,8,fourier
2200,0.8565838932991028,0.025109417736530304,8,fourier
2300,0.7515310645103455,0.027126789093017578,8,fourier
2400,1.2513861656188965,0.022720247507095337,8,fourier
2500,1.5549547672271729,0.0195156317204237,8,fourier
2600,1.0015156269073486,0.01829935610294342,8,fourier
2700,1.4181437492370605,0.023205330595374107,8,fourier
2800,1.593458652496338,0.025805829092860222,8,fourier
2900,0.23106414079666138,0.017177438363432884,8,fourier
3000,1.4809081554412842,0.02463354915380478,8,fourier
3100,1.2543549537658691,0.02290257252752781,8,fourier
3200,1.068202018737793,0.022092971950769424,8,fourier
3300,1.6887681484222412,0.020438719540834427,8,fourier
3400,1.418825387954712,0.025504179298877716,8,fourier
3500,0.8606423139572144,0.023023180663585663,8,fourier
3600,1.9732911586761475,0.022059904411435127,8,fourier
3700,1.6333544254302979,0.023590128868818283,8,fourier
3800,1.8483957052230835,0.031647466123104095,8,fourier
3900,2.118511915206909,0.025954609736800194,8,fourier
4000,1.2831908464431763,0.02139541134238243,8,fourier
4100,1.6721112728118896,0.021442769095301628,8,fourier
4200,1.3969494104385376,0.018654145300388336,8,fourier
4300,0.7845312356948853,0.017676644027233124,8,fourier
4400,2.141411542892456,0.02136334963142872,8,fourier
4500,3.1059482097625732,0.032981764525175095,8,fourier
4600,1.5990214347839355,0.027412286028265953,8,fourier
4700,1.650848627090454,0.023187527433037758,8,fourier
4800,2.2903361320495605,0.027682479470968246,8,fourier
4900,0.3921513557434082,0.01996232196688652,8,fourier
5000,1.1956959962844849,0.023070458322763443,8,fourier
