step,loss,flow,K
1,1.2694847583770752,0.026036549359560013,1
100,0.41339635848999023,0.016197266057133675,1
200,0.7129417061805725,0.018973147496581078,1
300,1.7014601230621338,0.02407846227288246,1
400,1.4403750896453857,0.02594669908285141,1
500,0.5836621522903442,0.017005573958158493,1
600,1.2014912366867065,0.028249237686395645,1
700,1.9641211032867432,0.02740895003080368,1
800,0.7128816843032837,0.017371494323015213,1
900,1.5163960456848145,0.027549084275960922,1
1000,1.2879897356033325,0.02652750164270401,1
1100,1.7988015413284302,0.02471945993602276,1
1200,0.9468725323677063,0.02519986592233181,1
1300,1.4427084922790527,0.022234296426177025,1
1400,1.9516946077346802,0.023402433842420578,1
1500,1.017472267150879,0.018689189106225967,1
1600,0.6351830363273621,0.021072521805763245,1
1700,0.9623415470123291,0.022245556116104126,1
1800,1.9737792015075684,0.023728828877210617,1
1900,1.937552571296692,0.02972160279750824,1
2000,1.3869355916976929,0.021538857370615005,1
2100,0.7494156360626221,0.024995209649205208,1
2200,0.6736558675765991,0.02226395532488823,1
2300,1.6197556257247925,0.026329874992370605,1
2400,1.4147679805755615,0.025560937821865082,1
2500,1.6577774286270142,0.020825058221817017,1
2600,1.0711547136306763,0.017386041581630707,1
2700,1.1171966791152954,0.018885545432567596,1
2800,0.9394869804382324,0.023924194276332855,1
2900,0.4368812143802643,0.020787755027413368,1
3000,1.8177754878997803,0.02843385376036167,1
3100,1.3413625955581665,0.02354920655488968,1
3200,1.7323628664016724,0.022084319964051247,1
3300,1.9256664514541626,0.025643441826105118,1
3400,1.5032724142074585,0.023991119116544724,1
3500,1.3126180171966553,0.023122509941458702,1
3600,2.4392359256744385,0.029580432921648026,1
3700,1.5578582286834717,0.023241713643074036,1
3800,1.4334053993225098,0.02346106618642807,1
3900,1.3567736148834229,0.021290428936481476,1
4000,2.123915433883667,0.030473116785287857,1
4100,1.638301134109497,0.019878029823303223,1
4200,1.0193613767623901,0.02264801226556301,1
4300,0.8587914109230042,0.01887599192559719,1
4400,1.7914503812789917,0.02662735804915428,1
4500,2.3648459911346436,0.030753735452890396,1
4600,1.212701439857483,0.025310032069683075,1
4700,2.2631490230560303,0.02723420038819313,1
4800,1.2423311471939087,0.02671261876821518,1
4900,0.2279990017414093,0.020333077758550644,1
5000,1.5866283178329468,0.02535919100046158,1
