step,loss,loss_flow,loss_decode,loss_insert,acc,cos_sim,z_norm,lr,gpu_mb
1,3.974040985107422,1.001052975654602,5.883323669433594,0.3132617473602295,0.006385068874806166,0.0,0.7646820545196533,2e-08,429.435904
500,1.468904972076416,0.9497619271278381,0.9768615365028381,0.30712297558784485,0.8493150472640991,0.3472670018672943,0.7834835052490234,1e-05,427.953152
1000,1.1565958261489868,0.782776951789856,0.6993493437767029,0.24144215881824493,0.8756729960441589,0.5021215677261353,0.7773330211639404,2e-05,427.471872
1500,0.7391713261604309,0.5386549234390259,0.37991711497306824,0.10557857155799866,0.9337911009788513,0.6975297927856445,0.7822138667106628,3e-05,429.27872
2000,0.6642171740531921,0.3880428075790405,0.5449875593185425,0.03680577874183655,0.8987714648246765,0.7676831483840942,0.7890346646308899,4e-05,428.178432
2500,0.4091602861881256,0.21923206746578217,0.37735438346862793,0.012510173954069614,0.9290953278541565,0.8594624996185303,0.7764327526092529,5e-05,429.843968
3000,0.32944533228874207,0.15034395456314087,0.3571982979774475,0.005022366065531969,0.932386040687561,0.8968147039413452,0.7679755687713623,6e-05,427.827712
3500,0.3313310742378235,0.130741149187088,0.4006413221359253,0.0026927089784294367,0.929729700088501,0.9060313701629639,0.7796199321746826,7e-05,428.888576
4000,0.30366113781929016,0.11781315505504608,0.3713488280773163,0.0017357380129396915,0.9341199994087219,0.9134481549263,0.7652776837348938,8e-05,428.88448
4500,0.34959495067596436,0.1271900236606598,0.44456207752227783,0.0012390203773975372,0.9204712510108948,0.9058811664581299,0.7724329233169556,9e-05,429.100544
5000,0.28807201981544495,0.10316798090934753,0.36961326003074646,0.0009742960683070123,0.9334638118743896,0.9231293797492981,0.7729660272598267,0.0001,429.579776
5500,0.26056820154190063,0.08369502425193787,0.3536825180053711,0.00031909532845020294,0.9376839995384216,0.9350112676620483,0.7766514420509338,9.99695413509548e-05,429.282816
6000,0.20911063253879547,0.07009487599134445,0.2779855728149414,0.00022967116092331707,0.9483521580696106,0.9456884264945984,0.7737154960632324,9.987820251299122e-05,428.224512
6500,0.2480383813381195,0.0800085961818695,0.33602383732795715,0.000178602640517056,0.9383561611175537,0.9369496703147888,0.7728471755981445,9.972609476841367e-05,427.736576
7000,0.20438002049922943,0.06634706258773804,0.2760457396507263,0.00010094212484546006,0.9479371905326843,0.9480668306350708,0.7823110818862915,9.951340343707852e-05,428.1344
7500,0.20097969472408295,0.06559676676988602,0.2707482874393463,8.781730139162391e-05,0.9515655636787415,0.9500611424446106,0.7829653024673462,9.924038765061042e-05,428.1344
8000,0.21196913719177246,0.06756503880023956,0.2887972891330719,5.454369602375664e-05,0.9462890625,0.9468038082122803,0.7748425602912903,9.890738003669029e-05,429.66528
8500,0.20813678205013275,0.06959503889083862,0.2770715057849884,5.984938616165891e-05,0.9475491046905518,0.9465054273605347,0.7910474538803101,9.851478631379982e-05,429.44
9000,0.20588213205337524,0.07145441323518753,0.26884832978248596,3.553030182956718e-05,0.9464899301528931,0.9452221393585205,0.780073344707489,9.806308479691595e-05,428.694016
9500,0.24478113651275635,0.09143146872520447,0.3066919445991516,3.7000478187110275e-05,0.9444990754127502,0.9339954853057861,0.7754327654838562,9.755282581475769e-05,428.653568
10000,0.14683225750923157,0.057731762528419495,0.17819766700267792,1.6626541764708236e-05,0.9617272019386292,0.9586458802223206,0.7806391716003418,9.698463103929542e-05,429.052416
10500,0.16708894073963165,0.05902925133705139,0.21611632406711578,1.5422485375893302e-05,0.9587426781654358,0.9556071162223816,0.7797444462776184,9.635919272833938e-05,428.694016
11000,0.11866570264101028,0.04275009408593178,0.15183010697364807,5.603261342912447e-06,0.9715964794158936,0.9693464040756226,0.7780731320381165,9.567727288213005e-05,428.96128
11500,0.11831469088792801,0.043574512004852295,0.14947949349880219,4.3544437176024076e-06,0.9725356101989746,0.9685457944869995,0.7999537587165833,9.493970231495835e-05,429.048832
12000,0.17764364182949066,0.06224149465560913,0.2308029681444168,6.744328857166693e-06,0.9549902081489563,0.9542078971862793,0.7731930017471313,9.414737964294636e-05,429.143552
12500,0.15975648164749146,0.05698215216398239,0.2055474817752838,6.031025350239361e-06,0.9640747904777527,0.9588249921798706,0.7757625579833984,9.330127018922194e-05,429.187584
13000,0.1282256841659546,0.044551145285367966,0.16734851896762848,2.8827698770328425e-06,0.9661432504653931,0.9664888381958008,0.7859469056129456,9.24024048078213e-05,429.089792
13500,0.0972868949174881,0.035540491342544556,0.12349258363246918,1.0844582902791444e-06,0.9779412150382996,0.9753719568252563,0.7674580216407776,9.145187862775209e-05,428.747776
14000,0.27067798376083374,0.09084475785493851,0.35966554284095764,4.399708814162295e-06,0.9329088926315308,0.9317467212677002,0.7862384915351868,9.045084971874738e-05,428.751872
14500,0.1192174181342125,0.04115438833832741,0.15612570941448212,1.7032397181537817e-06,0.973542332649231,0.9713088870048523,0.7752818465232849,8.940053768033609e-05,428.404736
15000,0.11624444276094437,0.03971662372350693,0.15305520594120026,2.1239857233013026e-06,0.9706314206123352,0.9709022045135498,0.777948260307312,8.83022221559489e-05,428.918272
15500,0.11546359956264496,0.0374801829457283,0.155966654419899,9.060674415195535e-07,0.9725624322891235,0.9721084833145142,0.7754132151603699,8.715724127386972e-05,428.749312
16000,0.14796042442321777,0.05166247859597206,0.1925957351922989,6.996538104431238e-07,0.9631991982460022,0.9622524976730347,0.7735652923583984,8.596699001693255e-05,429.440512
16500,0.16419218480587006,0.05757971480488777,0.21322470903396606,1.1327151696605142e-06,0.9598039984703064,0.958664059638977,0.7893792986869812,8.473291852294987e-05,429.705728
17000,0.12673117220401764,0.043337538838386536,0.16678708791732788,8.20015145563957e-07,0.9681373238563538,0.9681402444839478,0.7682844400405884,8.345653031794292e-05,427.953152
17500,0.12210532277822495,0.04092192277312279,0.16236665844917297,6.542140909004956e-07,0.9700834155082703,0.969685435295105,0.7895298004150391,8.213938048432697e-05,427.471872
18000,0.15750093758106232,0.051403485238552094,0.21219468116760254,1.0671291192920762e-06,0.960668683052063,0.9610357880592346,0.7811786532402039,8.07830737662829e-05,429.27872
18500,0.1935625821352005,0.06621147692203522,0.2547021210193634,5.003277010473539e-07,0.9540117383003235,0.9517800211906433,0.7760417461395264,7.938926261462366e-05,428.178432
19000,0.11729677766561508,0.038673147559165955,0.15724724531173706,1.0535674022094099e-07,0.9685966372489929,0.9703453183174133,0.7816596627235413,7.795964517353735e-05,429.843968
19500,0.12642547488212585,0.04376935958862305,0.16531220078468323,1.9326397193708544e-07,0.9686581492424011,0.9681758880615234,0.7833158373832703,7.649596321166024e-05,427.827712
20000,0.13104520738124847,0.04381424933671951,0.17446187138557434,1.5961487065396796e-07,0.9657030701637268,0.9669325947761536,0.769960880279541,7.500000000000001e-05,428.888576
20500,0.08349718153476715,0.0288151353597641,0.10936405509710312,1.4057118846722005e-07,0.9774177074432373,0.9786206483840942,0.7689911723136902,7.347357813929454e-05,428.88448
21000,0.07524323463439941,0.025630921125411987,0.09922459721565247,1.3145266564151825e-07,0.9813359975814819,0.980495810508728,0.7838125824928284,7.191855733945387e-05,429.100544
21500,0.07994426786899567,0.026499005034565926,0.10689046233892441,2.6722892698671785e-07,0.9823788404464722,0.9804977178573608,0.7923412919044495,7.033683215379002e-05,429.579776
22000,0.1416083127260208,0.04642359912395477,0.1903693825006485,9.63318953495218e-08,0.9608035087585449,0.9652451872825623,0.7795843482017517,6.873032967079561e-05,429.282816
22500,0.10178805142641068,0.03510041534900665,0.13337527215480804,2.3080938049702127e-08,0.9744346737861633,0.9749928712844849,0.7809551954269409,6.710100716628344e-05,428.224512
23000,0.10250308364629745,0.03503149375319481,0.1349431574344635,8.832412845549698e-08,0.9735034108161926,0.9733424186706543,0.7780871987342834,6.545084971874738e-05,427.736576
23500,0.12306086719036102,0.0422089621424675,0.16170379519462585,4.69409862091652e-08,0.9672050476074219,0.9690111875534058,0.7830317616462708,6.378186779084995e-05,428.1344
24000,0.1407245695590973,0.04882626235485077,0.18379659950733185,4.713877999051874e-08,0.9652131199836731,0.9637725353240967,0.7813169360160828,6.209609477998338e-05,428.1344
24500,0.12543019652366638,0.04238109290599823,0.1660982221364975,2.1656488158328102e-08,0.9687194228172302,0.9684287905693054,0.7817976474761963,6.0395584540887963e-05,429.66528
25000,0.12843351066112518,0.044743653386831284,0.167379692196846,9.793117072831592e-08,0.9686888456344604,0.967119574546814,0.7807620167732239,5.868240888334653e-05,429.44
25500,0.11250272393226624,0.038149476051330566,0.14870649576187134,2.009173094563721e-08,0.9714145064353943,0.9725295901298523,0.7898175716400146,5.695865504800327e-05,428.694016
26000,0.10494217276573181,0.03577553853392601,0.1383332759141922,2.8813381902637047e-08,0.9729862809181213,0.9730908870697021,0.7651301622390747,5.522642316338268e-05,428.653568
26500,0.089109867811203,0.032131168991327286,0.11395739018917084,3.161749262403646e-08,0.9769720435142517,0.9775673151016235,0.7674805521965027,5.348782368720626e-05,429.052416
27000,0.14490461349487305,0.046668969094753265,0.19647130370140076,1.2068724686287169e-08,0.9652301669120789,0.962760329246521,0.7700285315513611,5.174497483512506e-05,428.694016
27500,0.13339142501354218,0.042857423424720764,0.18106800317764282,9.952910495769629e-09,0.9652811884880066,0.9669195413589478,0.7839999794960022,5e-05,428.96128
28000,0.13285428285598755,0.04552246630191803,0.17466364800930023,1.46190668459667e-08,0.9671246409416199,0.9666888117790222,0.7683277726173401,4.825502516487497e-05,429.048832
28500,0.15608607232570648,0.05131613463163376,0.20953987538814545,6.548748210377653e-09,0.9612555503845215,0.9609972238540649,0.7828031778335571,4.6512176312793736e-05,429.143552
29000,0.08019977062940598,0.02694661170244217,0.10650631785392761,1.0327708466206786e-08,0.9789318442344666,0.9790825843811035,0.7795184254646301,4.477357683661734e-05,429.187584
29500,0.11793579906225204,0.04086821526288986,0.15413516759872437,4.2593604199225865e-09,0.9671729207038879,0.9690045118331909,0.7773244976997375,4.3041344951996746e-05,429.089792
30000,0.10754439234733582,0.038165561854839325,0.13875766098499298,1.4229787126396332e-08,0.9706601500511169,0.972915768623352,0.7838850021362305,4.131759111665349e-05,428.747776
30500,0.10729175806045532,0.03552810102701187,0.1435273140668869,1.1397829347004063e-08,0.971177339553833,0.9726482629776001,0.7715049386024475,3.960441545911204e-05,428.751872
31000,0.13318093121051788,0.04501888155937195,0.17632409930229187,1.5843980349927733e-08,0.9633252024650574,0.9660614728927612,0.7650367021560669,3.790390522001662e-05,428.404736
31500,0.0798550695180893,0.027831876650452614,0.10404638200998306,8.071810775334143e-09,0.9784101843833923,0.9794120788574219,0.7841622233390808,3.6218132209150045e-05,428.918272
32000,0.11709712445735931,0.040194034576416016,0.1538061797618866,4.667064956720424e-09,0.9696821570396423,0.9703640937805176,0.7729719281196594,3.4549150281252636e-05,428.749312
32500,0.10778896510601044,0.03557615727186203,0.14442561566829681,3.4055838149527062e-09,0.9715407490730286,0.9724109172821045,0.7762373685836792,3.289899283371657e-05,429.440512
33000,0.09815806895494461,0.0349670872092247,0.12638196349143982,6.259305074252097e-09,0.9735164642333984,0.9744384288787842,0.7749645709991455,3.12696703292044e-05,429.705728
33500,0.12124592065811157,0.04020978510379791,0.16207227110862732,1.6810357550411936e-08,0.9692081809043884,0.9698505997657776,0.7847034931182861,2.9663167846209998e-05,427.953152
34000,0.11704739928245544,0.039750151336193085,0.15459449589252472,4.062751468580927e-09,0.9685349464416504,0.9704824686050415,0.7817412614822388,2.8081442660546125e-05,427.471872
34500,0.09091508388519287,0.03237822651863098,0.11707370728254318,5.3520157194952844e-09,0.9760273694992065,0.9767060279846191,0.7669264674186707,2.6526421860705473e-05,429.27872
35000,0.11071904748678207,0.03761730343103409,0.14620348811149597,6.623873893829568e-09,0.9686581492424011,0.9717509746551514,0.7728230357170105,2.500000000000001e-05,428.178432
35500,0.08627091348171234,0.030290529131889343,0.11196077615022659,4.7776156364420785e-09,0.9755141735076904,0.9762438535690308,0.7747470736503601,2.350403678833976e-05,429.843968
36000,0.1678050309419632,0.057396117597818375,0.22081781923770905,1.7714070210672617e-08,0.9583741426467896,0.9583620429039001,0.7768950462341309,2.2040354826462668e-05,427.827712
36500,0.12649136781692505,0.04435034841299057,0.16428202390670776,1.0645937464914823e-08,0.965652585029602,0.9669158458709717,0.779244065284729,2.061073738537635e-05,428.888576
37000,0.09256251901388168,0.03135837987065315,0.12240827828645706,2.828586920244902e-09,0.9774177074432373,0.9767358303070068,0.7733567357063293,1.9216926233717085e-05,428.88448
37500,0.1834506094455719,0.06245730072259903,0.24198661744594574,2.599501414124461e-08,0.9558824300765991,0.9542747735977173,0.7717533707618713,1.7860619515673033e-05,429.100544
38000,0.10878919064998627,0.037375565618276596,0.14282725751399994,3.112045732223123e-08,0.9725624322891235,0.9726860523223877,0.7844199538230896,1.6543469682057106e-05,429.579776
38500,0.07421515882015228,0.025189077481627464,0.09805216640233994,1.2033760654617254e-09,0.9814090132713318,0.9806859493255615,0.7824504971504211,1.526708147705013e-05,429.282816
39000,0.11444547772407532,0.04057545214891434,0.14774005115032196,1.1074291705881478e-08,0.9705882668495178,0.9706933498382568,0.7713575959205627,1.4033009983067452e-05,428.224512
39500,0.1472800225019455,0.051781605929136276,0.19099682569503784,9.371526665802321e-09,0.9607651233673096,0.9613382816314697,0.7733566164970398,1.2842758726130283e-05,427.736576
40000,0.1685095727443695,0.05560239404439926,0.22581437230110168,1.9796599914911894e-08,0.9562868475914001,0.9577950239181519,0.7819506525993347,1.1697777844051105e-05,428.1344
40500,0.1012829840183258,0.034001320600509644,0.13456332683563232,1.3521358477319723e-09,0.9724544882774353,0.9738250374794006,0.7685796618461609,1.0599462319663905e-05,428.1344
41000,0.07907764613628387,0.028329260647296906,0.10149677842855453,1.6350109044438454e-09,0.9784314036369324,0.980229914188385,0.7681551575660706,9.549150281252633e-06,429.66528
41500,0.11901498585939407,0.04017157852649689,0.15768681466579437,6.233635829744344e-09,0.9705738425254822,0.9699982404708862,0.7793917059898376,8.548121372247918e-06,429.44
42000,0.08144180476665497,0.02814566344022751,0.10659227520227432,7.117681999346814e-10,0.9789730906486511,0.9789138436317444,0.7786611318588257,7.597595192178702e-06,428.694016
42500,0.06987985968589783,0.02611801028251648,0.08752370625734329,9.514954157907596e-09,0.9828683137893677,0.9817717671394348,0.7639604806900024,6.698729810778065e-06,428.653568
43000,0.10356047004461288,0.036686934530735016,0.13374707102775574,2.279671340588152e-09,0.9720451235771179,0.9724383354187012,0.7719084024429321,5.852620357053651e-06,429.052416
43500,0.09746013581752777,0.03528590500354767,0.1243484690785408,7.23003656943888e-09,0.9734643697738647,0.9733172059059143,0.776354193687439,5.060297685041659e-06,428.694016
44000,0.09415952861309052,0.034365952014923096,0.11958715319633484,5.529385393998609e-09,0.9744471311569214,0.9767178297042847,0.7714527249336243,4.322727117869951e-06,428.96128
44500,0.11895835399627686,0.040257640182971954,0.1574014276266098,4.187380664433249e-09,0.967140793800354,0.9686335325241089,0.7841934561729431,3.6408072716606346e-06,429.048832
45000,0.0789300799369812,0.027486249804496765,0.10288766026496887,3.0209947876613796e-09,0.9788073301315308,0.979865312576294,0.7845047116279602,3.0153689607045845e-06,429.143552
45500,0.10834429413080215,0.036137163639068604,0.1444142609834671,6.678531505599494e-09,0.9725624322891235,0.9724423289299011,0.7776169180870056,2.4471741852423237e-06,429.187584
46000,0.10622809827327728,0.036187805235385895,0.14008058607578278,1.8609142671266454e-08,0.9710642695426941,0.972824215888977,0.7742490768432617,1.9369152030840556e-06,429.089792
46500,0.11906346678733826,0.04177958518266678,0.15456776320934296,7.220536613061768e-09,0.9686735272407532,0.9690009355545044,0.7692646980285645,1.4852136862001764e-06,428.747776
47000,0.1587023288011551,0.05442177131772041,0.20856110751628876,1.254548909201958e-08,0.9593138098716736,0.9595545530319214,0.7801584005355835,1.0926199633097157e-06,428.751872
47500,0.11897701025009155,0.04050504043698311,0.1569439321756363,1.937117488637341e-08,0.9696375727653503,0.969269871711731,0.781362771987915,7.596123493895991e-07,428.404736
48000,0.08820077031850815,0.031130243092775345,0.1141410544514656,1.6624590593039557e-09,0.9784314036369324,0.9766214489936829,0.7789077162742615,4.865965629214819e-07,428.918272
48500,0.12836982309818268,0.04324985295534134,0.17023994028568268,1.4700714423554473e-08,0.9701419472694397,0.9684466123580933,0.7662628889083862,2.7390523158633554e-07,428.749312
49000,0.08846816420555115,0.03045342117547989,0.11602947860956192,2.0023798175117236e-09,0.9778978824615479,0.9769832491874695,0.7729021906852722,1.2179748700879012e-07,429.440512
49500,0.10280971974134445,0.03421087563037872,0.13719768822193146,9.78710534838001e-09,0.9740831255912781,0.9747356176376343,0.7767045497894287,3.04586490452119e-08,429.705728
50000,0.08919903635978699,0.030664339661598206,0.11706938594579697,5.90689808177558e-09,0.9770171046257019,0.9772796630859375,0.7620993256568909,0.0,427.953152
